TermID	Name	Value	LogSize	Frequency	Uniqueness	Dispensability	Representative
"GO:0003723"	"RNA binding"	-2.5738062020212014	6.2777329534134605	5.183093558779092	0.9523131604992705	0.08341271	null
"GO:0003823"	"antigen binding"	-1.3711363497289157	3.072249897613515	0.0032265494929723565	0.9704380918492834	-0	null
"GO:0003824"	"catalytic activity"	-1.4480173251897608	7.361873904338152	62.911524512916806	1	-0	null
"GO:0004984"	"olfactory receptor activity"	-8.926822470805662	5.076072176497813	0.32578032732305545	0.7118640557987924	0	null
"GO:0004930"	"G protein-coupled receptor activity"	-3.5290585508100074	5.606758521501154	1.1056400741384511	0.7118640557987924	0.78139817	4984
"GO:0005515"	"protein binding"	-22.94330175981996	6.268106216084863	5.069467063710899	0.9523373585741329	0.0371986	null
